ErrorCode,Asset,Message
E_GE_PROPERTY_NOT_FOUND,GE_BackstabBonus,Property 'AttackSpeed' not found on class 'NarrativeAttributeSetBase'
E_FUNCTION_NOT_FOUND,BP_FatherCompanion,Could not find function 'SpawnSystemAttached'
E_FUNCTION_NOT_FOUND,GA_FatherCrawler,Could not find function 'MakeGameplayTagContainerFromTag'
E_FUNCTION_NOT_FOUND,GA_FatherCrawler,Could not find function 'MakeLiteralGameplayTag'
E_FUNCTION_NOT_FOUND,GA_FatherCrawler,Could not find function 'SpawnSystemAttached'
E_FUNCTION_NOT_FOUND,GA_FatherArmor,Could not find function 'MakeGameplayTagContainerFromTag'
E_FUNCTION_NOT_FOUND,GA_FatherArmor,Could not find function 'Multiply_FloatFloat'
E_FUNCTION_NOT_FOUND,GA_FatherExoskeleton,Could not find function 'MakeGameplayTagContainerFromTag'
E_FUNCTION_NOT_FOUND,GA_FatherExoskeleton,Could not find function 'Multiply_FloatFloat'
E_FUNCTION_NOT_FOUND,GA_FatherSymbiote,Could not find function 'MakeGameplayTagContainerFromTag'
E_FUNCTION_NOT_FOUND,GA_FatherEngineer,Could not find function 'MakeGameplayTagContainerFromTag'
E_FUNCTION_NOT_FOUND,GA_FatherExoskeletonSprint,Could not find function 'Multiply_FloatFloat'
E_FUNCTION_NOT_FOUND,GA_FatherSacrifice,Could not find function 'MakeGameplayTagContainerFromTag'
E_GA_CUSTOMFUNCTION_FAILED,GA_Backstab,Failed to generate custom function: CheckBackstabCondition
E_MONTAGE_SKELETON_NOT_FOUND,AM_FatherAttack,Could not load skeleton: SK_FatherCompanion
E_MONTAGE_SKELETON_NOT_FOUND,AM_FatherThrowWeb,Could not load skeleton: SK_FatherCompanion
E_MONTAGE_SKELETON_NOT_FOUND,AM_FatherSacrifice,Could not load skeleton: SK_FatherCompanion
E_MONTAGE_SKELETON_NOT_FOUND,AM_FatherReactivate,Could not load skeleton: SK_FatherCompanion
E_MONTAGE_SKELETON_NOT_FOUND,AM_FatherDetach,Could not load skeleton: SK_FatherCompanion
E_MONTAGE_SKELETON_NOT_FOUND,AM_FatherAttach,Could not load skeleton: SK_FatherCompanion
E_MF_CONNECTION_TARGET_NOT_FOUND,MF_RadialGradient,Connection target 'dist' not found
E_ABILITYCONFIG_ABILITY_NOT_FOUND,AC_FatherCompanion,Could not resolve ability: GA_FatherAttack
E_ACTIVITYCONFIG_ACTIVITY_NOT_FOUND,AC_FatherBehavior,Could not resolve activity
E_COOLDOWNGE_NOT_FOUND,GA_Backstab,CooldownGE not found
